created_at,entry_id,field1,field2,field3,field4,field5,latitude,longitude,elevation,status
2026-07-07T13:53:23-05:00,1,29.4,40.3,0,0,0,,,,
2026-07-07T13:53:39-05:00,2,29.4,40.2,0,0,0,,,,
2026-07-07T13:54:09-05:00,3,29.3,40.1,0,0,0,,,,
2026-07-07T13:54:27-05:00,4,29.3,40.6,0,0,0,,,,
2026-07-07T13:54:54-05:00,5,29.3,40.6,0,0,0,,,,
2026-07-07T13:55:23-05:00,6,29.3,40.4,0,0,0,,,,
2026-07-07T13:55:39-05:00,7,29.3,40.6,0,0,0,,,,
2026-07-07T13:55:57-05:00,8,29.3,40.6,0,0,0,,,,
2026-07-07T13:56:18-05:00,9,29.3,40.3,0,0,0,,,,
2026-07-07T13:56:35-05:00,10,29.3,40.3,0,0,0,,,,
2026-07-07T13:56:53-05:00,11,29.3,40.3,0,0,0,,,,
2026-07-07T13:57:10-05:00,12,29.3,40.8,0,0,0,,,,
2026-07-07T13:57:32-05:00,13,29.3,40.8,0,0,0,,,,
2026-07-07T13:57:51-05:00,14,29.2,40.6,0,0,0,,,,
2026-07-07T13:58:08-05:00,15,29.2,40.6,0,0,0,,,,
2026-07-07T13:58:26-05:00,16,29.4,40.7,0,0,0,,,,
2026-07-07T13:58:42-05:00,17,29.3,40.6,0,0,0,,,,
2026-07-07T13:58:58-05:00,18,29.3,40.5,0,0,0,,,,
2026-07-07T13:59:15-05:00,19,29.3,40.5,0,0,0,,,,
2026-07-07T13:59:37-05:00,20,29.3,40.5,0,0,0,,,,
2026-07-07T13:59:56-05:00,21,29.3,40.5,0,0,0,,,,
2026-07-07T14:00:15-05:00,22,29.3,40.5,0,0,0,,,,
2026-07-07T14:00:34-05:00,23,29.3,40.4,0,0,0,,,,
2026-07-07T14:00:56-05:00,24,29.3,40.4,0,0,0,,,,
2026-07-07T14:01:13-05:00,25,29.3,40.1,0,0,0,,,,
2026-07-07T14:01:34-05:00,26,29.3,40.1,0,0,0,,,,
2026-07-07T14:01:54-05:00,27,29.3,40.6,0,0,0,,,,
2026-07-07T14:02:11-05:00,28,29.3,40.5,0,0,0,,,,
2026-07-07T14:02:40-05:00,29,29.3,40.5,0,0,0,,,,
2026-07-07T14:03:10-05:00,30,29.3,40.6,0,0,0,,,,
2026-07-07T14:03:27-05:00,31,29.3,40.6,0,0,0,,,,
2026-07-07T14:03:55-05:00,32,29.2,40.4,0,0,0,,,,
2026-07-07T14:04:11-05:00,33,29.3,40.4,0,0,0,,,,
2026-07-07T14:04:26-05:00,34,29.3,40.4,0,0,0,,,,
2026-07-07T14:04:43-05:00,35,,,0,1,0,,,,
2026-07-07T14:05:13-05:00,36,29.2,40.6,0,0,0,,,,
2026-07-07T14:05:28-05:00,37,29.2,40.6,0,0,0,,,,
2026-07-07T14:05:49-05:00,38,29.2,40.8,0,0,0,,,,
2026-07-07T14:06:07-05:00,39,29.2,40.6,0,0,0,,,,
2026-07-07T14:06:26-05:00,40,29.2,40.6,0,0,0,,,,
2026-07-07T14:06:42-05:00,41,,,0,0,1,,,,
2026-07-07T14:07:10-05:00,42,29.2,40.7,0,0,0,,,,
2026-07-07T14:07:25-05:00,43,29.2,40.7,0,0,0,,,,
2026-07-07T14:07:40-05:00,44,29.2,40.7,0,0,0,,,,
2026-07-07T14:07:56-05:00,45,29.1,40.2,0,0,0,,,,
2026-07-07T14:08:17-05:00,46,29.2,40.1,0,0,0,,,,
2026-07-07T14:08:41-05:00,47,29.2,40.0,0,0,0,,,,
2026-07-07T14:08:56-05:00,48,29.2,40.0,0,0,0,,,,
2026-07-07T14:09:13-05:00,49,29.2,39.7,0,0,0,,,,
2026-07-07T14:09:32-05:00,50,29.1,39.8,0,0,0,,,,
2026-07-07T14:09:48-05:00,51,29.1,39.8,0,0,0,,,,
2026-07-07T14:10:07-05:00,52,29.1,39.8,0,0,0,,,,
2026-07-07T14:10:33-05:00,53,29.1,39.6,0,0,0,,,,
2026-07-07T14:11:03-05:00,54,29.1,39.6,0,0,0,,,,
2026-07-07T14:11:18-05:00,55,29.1,39.6,0,0,0,,,,
2026-07-07T14:11:35-05:00,56,29.1,39.6,0,0,0,,,,
2026-07-07T14:11:56-05:00,57,29.0,39.2,0,0,0,,,,
2026-07-07T14:12:13-05:00,58,29.0,39.2,0,0,0,,,,
2026-07-07T14:12:30-05:00,59,29.0,39.7,0,0,0,,,,
2026-07-07T14:12:57-05:00,60,29.2,39.9,0,0,0,,,,
2026-07-07T14:13:27-05:00,61,29.1,40.0,0,0,0,,,,
2026-07-07T14:13:44-05:00,62,29.1,39.8,0,0,0,,,,
2026-07-07T14:14:03-05:00,63,29.1,39.8,0,0,0,,,,
2026-07-07T14:14:19-05:00,64,29.1,39.7,0,0,0,,,,
2026-07-07T14:14:38-05:00,65,29.1,39.9,0,0,0,,,,
2026-07-07T14:14:58-05:00,66,29.1,39.9,0,0,0,,,,
2026-07-07T14:15:17-05:00,67,29.1,39.9,0,0,0,,,,
2026-07-07T14:15:33-05:00,68,29.1,39.9,0,0,0,,,,
2026-07-07T14:15:50-05:00,69,29.1,39.9,0,0,0,,,,
2026-07-07T14:16:09-05:00,70,29.2,39.4,0,0,0,,,,
2026-07-07T14:16:25-05:00,71,29.2,39.4,0,0,0,,,,
2026-07-07T14:16:42-05:00,72,29.2,39.4,0,0,0,,,,
2026-07-07T14:16:58-05:00,73,29.2,39.6,0,0,0,,,,
2026-07-07T14:17:15-05:00,74,29.1,39.4,0,0,0,,,,
2026-07-07T14:17:35-05:00,75,29.1,39.4,0,0,0,,,,
2026-07-07T14:17:53-05:00,76,29.2,40.1,0,0,0,,,,
2026-07-07T14:18:13-05:00,77,29.3,39.5,0,0,0,,,,
2026-07-07T14:18:42-05:00,78,29.2,40.4,0,0,0,,,,
2026-07-07T14:19:12-05:00,79,29.3,40.2,0,0,0,,,,
2026-07-07T14:19:43-05:00,80,29.3,40.2,0,0,0,,,,
2026-07-07T14:20:03-05:00,81,29.3,40.2,0,0,0,,,,
2026-07-07T14:20:19-05:00,82,29.4,39.2,0,0,0,,,,
2026-07-07T14:20:36-05:00,83,29.4,39.3,0,0,0,,,,
2026-07-07T14:20:56-05:00,84,29.4,39.3,0,0,0,,,,
2026-07-07T14:26:43-05:00,85,29.3,40.5,0,0,0,,,,
2026-07-07T14:27:02-05:00,86,29.3,40.8,0,0,0,,,,
2026-07-07T14:27:25-05:00,87,29.3,39.9,0,0,0,,,,
2026-07-07T14:27:46-05:00,88,29.3,39.9,0,0,0,,,,
2026-07-07T14:28:07-05:00,89,29.3,39.9,0,0,0,,,,
2026-07-07T14:28:26-05:00,90,29.3,40.3,0,0,0,,,,
2026-07-07T14:28:47-05:00,91,29.3,40.3,0,0,0,,,,
2026-07-07T14:29:07-05:00,92,29.3,40.3,0,0,0,,,,
2026-07-07T14:29:37-05:00,93,29.2,39.6,0,0,0,,,,
2026-07-07T14:30:03-05:00,94,29.3,39.5,0,0,0,,,,
2026-07-07T14:30:19-05:00,95,29.3,39.7,0,0,0,,,,
2026-07-07T14:30:38-05:00,96,29.3,39.6,0,0,0,,,,
2026-07-07T14:30:58-05:00,97,29.3,39.8,0,0,0,,,,
2026-07-07T14:31:16-05:00,98,29.3,39.7,0,0,0,,,,
2026-07-07T14:31:38-05:00,99,29.3,39.7,0,0,0,,,,
2026-07-07T14:31:57-05:00,100,29.3,39.7,0,0,0,,,,
2026-07-07T14:32:16-05:00,101,29.3,39.7,0,0,0,,,,
2026-07-07T14:32:40-05:00,102,29.3,39.7,0,0,0,,,,
2026-07-07T14:32:59-05:00,103,29.4,40.1,0,0,0,,,,
2026-07-07T14:33:17-05:00,104,29.3,39.5,0,0,0,,,,
2026-07-07T14:33:37-05:00,105,29.3,39.5,0,0,0,,,,
2026-07-07T14:33:57-05:00,106,29.5,39.8,0,0,0,,,,
2026-07-07T14:34:17-05:00,107,29.5,39.8,0,0,0,,,,
2026-07-07T14:34:37-05:00,108,29.4,40.0,0,0,0,,,,
2026-07-07T14:35:00-05:00,109,29.4,40.0,0,0,0,,,,
2026-07-07T14:35:21-05:00,110,29.4,40.0,0,0,0,,,,
2026-07-07T14:35:41-05:00,111,29.4,40.2,0,0,0,,,,
2026-07-07T14:36:02-05:00,112,29.6,40.2,0,0,0,,,,
2026-07-07T14:36:22-05:00,113,29.5,39.9,0,0,0,,,,
2026-07-07T14:36:42-05:00,114,29.5,40.0,0,0,0,,,,
2026-07-07T14:37:03-05:00,115,29.5,40.4,0,0,0,,,,
2026-07-07T14:37:20-05:00,116,29.6,39.7,0,0,0,,,,
2026-07-07T14:37:41-05:00,117,29.6,39.5,0,0,0,,,,
2026-07-07T14:38:01-05:00,118,29.6,39.5,0,0,0,,,,
2026-07-07T14:38:22-05:00,119,29.6,40.2,0,0,0,,,,
2026-07-07T14:38:43-05:00,120,29.5,40.7,0,0,0,,,,
2026-07-07T14:39:03-05:00,121,29.7,40.3,0,0,0,,,,
2026-07-07T14:39:24-05:00,122,29.7,40.3,0,0,0,,,,
2026-07-07T14:40:08-05:00,123,29.8,39.6,0,0,0,,,,
2026-07-07T14:40:36-05:00,124,29.8,39.6,0,0,0,,,,
2026-07-07T14:41:07-05:00,125,29.8,39.2,0,0,0,,,,
2026-07-07T14:41:38-05:00,126,29.8,39.2,0,0,0,,,,
2026-07-07T14:42:04-05:00,127,,,0,1,0,,,,
2026-07-07T14:42:45-05:00,128,29.8,39.5,0,1,0,,,,
2026-07-07T14:43:14-05:00,129,29.8,39.5,0,1,0,,,,
2026-07-07T14:43:41-05:00,130,,,0,0,0,,,,
2026-07-07T14:44:15-05:00,131,29.9,39.4,0,0,0,,,,
2026-07-07T14:44:46-05:00,132,29.9,39.6,0,0,0,,,,
2026-07-07T14:45:17-05:00,133,29.8,39.5,0,0,0,,,,
2026-07-07T14:45:46-05:00,134,29.8,39.3,0,0,0,,,,
2026-07-07T14:46:18-05:00,135,29.8,39.5,0,0,0,,,,
2026-07-07T14:46:53-05:00,136,29.9,39.7,0,0,0,,,,
2026-07-07T14:47:20-05:00,137,29.9,39.3,0,0,0,,,,
2026-07-07T14:47:51-05:00,138,29.8,39.1,0,0,0,,,,
2026-07-07T14:48:31-05:00,139,29.8,39.3,0,0,0,,,,
2026-07-07T14:49:12-05:00,140,29.7,39.3,0,0,0,,,,
2026-07-07T14:49:29-05:00,141,29.8,39.8,0,0,0,,,,
2026-07-07T14:50:00-05:00,142,29.8,39.9,0,0,0,,,,
2026-07-07T14:50:28-05:00,143,29.8,39.9,0,0,0,,,,
2026-07-07T14:51:05-05:00,144,29.8,39.9,0,0,0,,,,
2026-07-07T14:51:32-05:00,145,29.8,39.9,0,0,0,,,,
2026-07-07T14:52:08-05:00,146,29.8,39.9,0,0,0,,,,
2026-07-07T14:52:41-05:00,147,29.7,39.5,0,0,0,,,,
2026-07-07T14:53:06-05:00,148,29.8,39.6,0,0,0,,,,
2026-07-07T14:53:38-05:00,149,29.7,40.2,0,0,0,,,,
2026-07-07T14:54:08-05:00,150,29.8,40.0,0,0,0,,,,
2026-07-07T14:54:38-05:00,151,29.7,39.7,0,0,0,,,,
2026-07-07T14:55:09-05:00,152,29.7,40.4,0,0,0,,,,
2026-07-07T14:55:48-05:00,153,29.8,40.0,0,0,0,,,,
2026-07-07T14:56:10-05:00,154,29.8,40.0,0,0,0,,,,
2026-07-07T14:56:40-05:00,155,29.8,40.0,0,0,0,,,,
2026-07-07T14:57:14-05:00,156,29.7,40.1,0,0,0,,,,
2026-07-07T14:57:50-05:00,157,29.7,40.1,0,0,0,,,,
2026-07-07T14:58:20-05:00,158,29.7,40.1,0,0,0,,,,
2026-07-07T14:58:50-05:00,159,29.7,39.4,0,0,0,,,,
2026-07-07T14:59:24-05:00,160,,,0,1,0,,,,
2026-07-07T14:59:51-05:00,161,,,0,0,1,,,,
2026-07-07T15:00:28-05:00,162,29.6,40.3,0,0,1,,,,
2026-07-07T15:00:58-05:00,163,29.6,40.2,1,0,1,,,,
2026-07-07T15:01:26-05:00,164,29.6,40.4,1,0,1,,,,
2026-07-07T15:01:56-05:00,165,29.6,40.4,1,0,1,,,,
2026-07-07T15:02:26-05:00,166,29.6,40.3,1,0,1,,,,
2026-07-07T15:02:59-05:00,167,29.6,41.8,1,0,1,,,,
2026-07-07T15:03:26-05:00,168,29.6,41.6,1,0,1,,,,
2026-07-07T15:03:59-05:00,169,29.6,41.4,1,0,1,,,,
2026-07-07T15:04:27-05:00,170,29.5,42.2,1,0,1,,,,
2026-07-07T15:04:58-05:00,171,29.5,41.5,1,0,1,,,,
2026-07-07T15:05:29-05:00,172,29.5,42.0,1,0,1,,,,
2026-07-07T15:06:07-05:00,173,29.6,42.5,1,0,1,,,,
2026-07-07T15:06:36-05:00,174,29.6,42.4,1,0,1,,,,
2026-07-07T15:07:06-05:00,175,29.6,42.0,1,0,1,,,,
2026-07-07T15:07:40-05:00,176,29.5,41.7,1,0,1,,,,
2026-07-07T15:08:03-05:00,177,29.5,41.1,1,0,1,,,,
2026-07-07T15:08:36-05:00,178,29.6,40.8,1,0,1,,,,
2026-07-07T15:09:08-05:00,179,29.5,40.7,1,0,1,,,,
2026-07-07T15:09:39-05:00,180,29.5,40.7,1,0,1,,,,
2026-07-07T15:10:07-05:00,181,29.6,40.2,1,0,1,,,,
2026-07-07T15:10:37-05:00,182,29.5,39.9,1,0,1,,,,
2026-07-07T15:11:12-05:00,183,29.5,40.3,1,0,1,,,,
2026-07-07T15:11:39-05:00,184,29.5,40.6,1,0,1,,,,
2026-07-07T15:12:16-05:00,185,29.6,39.6,1,0,1,,,,
2026-07-07T15:12:44-05:00,186,29.5,39.3,1,0,1,,,,
2026-07-07T15:13:21-05:00,187,29.6,39.4,1,0,1,,,,
2026-07-07T15:13:49-05:00,188,29.6,39.2,1,0,1,,,,
2026-07-07T15:14:20-05:00,189,29.6,39.2,1,0,1,,,,
2026-07-07T15:14:48-05:00,190,,,1,0,0,,,,
2026-07-07T15:15:26-05:00,191,29.5,38.9,1,0,0,,,,
2026-07-07T15:15:54-05:00,192,29.5,38.9,0,0,0,,,,
2026-07-07T15:16:26-05:00,193,29.6,38.8,0,0,0,,,,
2026-07-07T15:16:56-05:00,194,29.6,38.6,0,0,0,,,,
2026-07-07T15:17:37-05:00,195,29.6,39.0,0,0,0,,,,
2026-07-07T15:18:07-05:00,196,29.6,39.0,0,0,0,,,,
2026-07-07T15:18:35-05:00,197,29.6,39.0,0,0,0,,,,
2026-07-07T15:19:15-05:00,198,29.6,39.0,0,0,0,,,,
2026-07-07T15:19:36-05:00,199,29.6,39.6,0,0,0,,,,
2026-07-07T15:20:09-05:00,200,29.5,39.2,0,0,0,,,,
2026-07-07T15:20:36-05:00,201,29.5,39.2,0,0,0,,,,
2026-07-07T15:21:07-05:00,202,29.5,39.3,0,0,0,,,,
2026-07-07T15:21:38-05:00,203,29.5,39.3,0,0,0,,,,
2026-07-07T15:22:08-05:00,204,29.5,39.2,0,0,0,,,,
2026-07-07T15:22:40-05:00,205,29.6,39.5,0,0,0,,,,
2026-07-07T15:23:17-05:00,206,29.7,39.4,0,0,0,,,,
2026-07-07T15:23:47-05:00,207,29.6,39.3,0,0,0,,,,
2026-07-07T15:24:17-05:00,208,29.6,39.1,0,0,0,,,,
2026-07-07T15:24:45-05:00,209,29.5,39.2,0,0,0,,,,
2026-07-07T15:25:16-05:00,210,29.5,39.6,0,0,0,,,,
2026-07-07T15:25:54-05:00,211,29.4,39.5,0,0,0,,,,
2026-07-07T15:26:18-05:00,212,29.3,39.8,0,0,0,,,,
2026-07-07T15:26:50-05:00,213,29.4,39.7,0,0,0,,,,
2026-07-07T15:27:28-05:00,214,29.3,39.6,0,0,0,,,,
2026-07-07T15:27:55-05:00,215,29.2,39.5,0,0,0,,,,
2026-07-07T15:28:25-05:00,216,29.2,39.2,0,0,0,,,,
2026-07-07T15:28:55-05:00,217,29.2,39.2,0,0,0,,,,
2026-07-07T15:29:29-05:00,218,29.1,38.9,0,0,0,,,,
2026-07-07T15:29:59-05:00,219,29.1,38.5,0,0,0,,,,
2026-07-07T15:30:40-05:00,220,29.1,38.5,0,0,0,,,,
2026-07-07T15:31:15-05:00,221,29.0,38.8,0,0,0,,,,
2026-07-07T15:31:42-05:00,222,28.9,38.5,0,0,0,,,,
2026-07-07T15:32:12-05:00,223,29.0,38.8,0,0,0,,,,
2026-07-07T15:32:44-05:00,224,28.9,38.9,0,0,0,,,,
2026-07-07T15:33:12-05:00,225,28.9,38.6,0,0,0,,,,
2026-07-07T15:33:44-05:00,226,28.9,39.4,0,0,0,,,,
2026-07-07T15:34:23-05:00,227,28.9,38.6,0,0,0,,,,
2026-07-07T15:34:50-05:00,228,28.9,39.3,0,0,0,,,,
2026-07-07T15:35:20-05:00,229,28.9,38.8,0,0,0,,,,
2026-07-07T15:35:57-05:00,230,28.9,38.8,0,0,0,,,,
2026-07-07T15:36:25-05:00,231,28.9,39.8,0,0,0,,,,
2026-07-07T15:36:59-05:00,232,28.9,38.9,0,0,0,,,,
2026-07-07T15:37:25-05:00,233,28.9,39.1,0,0,0,,,,
2026-07-07T15:38:04-05:00,234,28.9,39.0,0,0,0,,,,
2026-07-07T15:38:32-05:00,235,28.8,39.1,0,0,0,,,,
2026-07-07T15:39:03-05:00,236,28.8,39.1,0,0,0,,,,
2026-07-07T15:39:33-05:00,237,28.8,39.9,0,0,0,,,,
2026-07-07T15:40:05-05:00,238,28.8,39.0,0,0,0,,,,
2026-07-07T15:40:34-05:00,239,28.7,38.9,0,0,0,,,,
2026-07-07T15:41:05-05:00,240,28.8,39.5,0,0,0,,,,
2026-07-07T15:41:38-05:00,241,28.8,39.5,0,0,0,,,,
2026-07-07T15:42:12-05:00,242,28.8,39.2,0,0,0,,,,
2026-07-07T15:42:41-05:00,243,28.8,39.2,0,0,0,,,,
2026-07-07T15:43:19-05:00,244,28.8,38.8,0,0,0,,,,
2026-07-07T15:43:46-05:00,245,28.8,38.9,0,0,0,,,,
2026-07-07T15:44:16-05:00,246,28.8,38.8,0,0,0,,,,
2026-07-07T15:44:46-05:00,247,28.8,38.7,0,0,0,,,,
2026-07-07T15:45:16-05:00,248,28.8,38.9,0,0,0,,,,
2026-07-07T15:45:46-05:00,249,28.7,38.7,0,0,0,,,,
2026-07-07T15:46:16-05:00,250,28.7,38.7,0,0,0,,,,
2026-07-07T15:46:46-05:00,251,28.7,38.7,0,0,0,,,,
2026-07-07T15:47:16-05:00,252,28.8,38.6,0,0,0,,,,
2026-07-07T15:47:46-05:00,253,28.8,38.9,0,0,0,,,,
2026-07-07T15:48:16-05:00,254,28.7,38.7,0,0,0,,,,
2026-07-07T15:48:46-05:00,255,28.8,38.9,0,0,0,,,,
2026-07-07T15:49:16-05:00,256,28.7,39.0,0,0,0,,,,
2026-07-07T15:49:46-05:00,257,28.7,38.9,0,0,0,,,,
2026-07-07T15:50:16-05:00,258,28.7,38.9,0,0,0,,,,
2026-07-07T15:52:16-05:00,259,28.8,39.1,0,0,0,,,,
2026-07-07T15:52:46-05:00,260,28.8,39.1,0,0,0,,,,
2026-07-07T15:53:16-05:00,261,28.7,39.0,0,0,0,,,,
2026-07-07T15:53:46-05:00,262,28.6,39.1,0,0,0,,,,
2026-07-07T15:54:16-05:00,263,28.6,39.0,0,0,0,,,,
2026-07-07T15:54:46-05:00,264,28.7,39.3,0,0,0,,,,
2026-07-07T15:55:16-05:00,265,28.6,39.3,0,0,0,,,,
2026-07-07T15:55:46-05:00,266,28.7,39.2,0,0,0,,,,
2026-07-07T15:56:16-05:00,267,28.6,39.3,0,0,0,,,,
2026-07-07T15:56:46-05:00,268,28.6,39.5,0,0,0,,,,
2026-07-07T15:57:16-05:00,269,28.7,39.5,0,0,0,,,,
2026-07-07T15:57:46-05:00,270,28.6,39.5,0,0,0,,,,
2026-07-07T15:58:16-05:00,271,28.5,39.5,0,0,0,,,,
2026-07-07T15:58:46-05:00,272,28.5,39.5,0,0,0,,,,
2026-07-07T15:59:16-05:00,273,28.5,39.6,0,0,0,,,,
2026-07-07T15:59:46-05:00,274,28.4,39.6,1,0,1,,,,
2026-07-07T16:00:16-05:00,275,28.4,39.6,1,0,1,,,,
2026-07-07T16:00:46-05:00,276,28.4,39.9,1,0,1,,,,
2026-07-07T16:01:16-05:00,277,28.4,39.3,1,0,1,,,,
2026-07-07T16:01:46-05:00,278,28.4,39.5,1,0,1,,,,
2026-07-07T16:02:16-05:00,279,28.4,39.5,1,0,1,,,,
2026-07-07T16:02:46-05:00,280,28.3,39.5,1,0,1,,,,
2026-07-07T16:03:16-05:00,281,28.3,39.8,1,0,1,,,,
2026-07-07T16:03:46-05:00,282,28.3,39.4,1,0,1,,,,
2026-07-07T16:04:15-05:00,283,28.3,39.4,1,0,0,,,,
2026-07-07T16:04:46-05:00,284,28.3,39.3,0,0,0,,,,
2026-07-07T16:05:16-05:00,285,28.3,39.3,0,0,0,,,,
2026-07-07T16:05:46-05:00,286,28.3,39.2,0,0,0,,,,
2026-07-07T16:06:17-05:00,287,28.3,39.5,0,0,0,,,,
2026-07-07T16:06:46-05:00,288,28.3,39.3,0,0,0,,,,
2026-07-07T16:07:16-05:00,289,28.2,39.2,0,0,0,,,,
2026-07-07T16:07:46-05:00,290,28.2,39.2,0,0,0,,,,
2026-07-07T16:08:16-05:00,291,28.2,39.6,0,0,0,,,,
2026-07-07T16:08:46-05:00,292,28.2,39.6,0,0,0,,,,
2026-07-07T16:09:16-05:00,293,28.2,39.6,0,0,0,,,,
2026-07-07T16:09:46-05:00,294,28.2,39.9,0,0,0,,,,
2026-07-07T16:10:16-05:00,295,28.2,39.9,0,0,0,,,,
2026-07-07T16:10:46-05:00,296,28.1,39.7,0,0,0,,,,
2026-07-07T16:11:16-05:00,297,28.2,39.4,0,0,0,,,,
2026-07-07T16:11:46-05:00,298,28.2,39.5,0,0,0,,,,
2026-07-07T16:12:16-05:00,299,28.2,39.6,0,0,0,,,,
2026-07-07T16:12:46-05:00,300,28.2,39.6,0,0,0,,,,
2026-07-07T16:13:16-05:00,301,28.1,39.6,0,0,0,,,,
2026-07-07T16:13:46-05:00,302,28.2,39.8,0,0,0,,,,
2026-07-07T16:14:18-05:00,303,28.0,39.9,0,0,0,,,,
2026-07-07T16:14:46-05:00,304,28.0,39.8,0,0,0,,,,
2026-07-07T16:15:16-05:00,305,28.0,39.8,0,0,0,,,,
2026-07-07T16:15:46-05:00,306,28.0,39.8,0,0,0,,,,
2026-07-07T16:16:16-05:00,307,28.1,40.0,0,0,0,,,,
2026-07-07T16:16:46-05:00,308,28.0,40.1,0,0,0,,,,
2026-07-07T16:17:16-05:00,309,27.9,39.9,0,0,0,,,,
2026-07-07T16:17:46-05:00,310,27.9,39.9,0,0,0,,,,
2026-07-07T16:18:16-05:00,311,27.8,40.4,0,0,0,,,,
2026-07-07T16:18:46-05:00,312,27.8,40.4,0,0,0,,,,
2026-07-07T16:19:16-05:00,313,27.8,40.4,0,0,0,,,,
2026-07-07T16:19:46-05:00,314,27.8,40.3,0,0,0,,,,
2026-07-07T16:20:16-05:00,315,27.9,40.5,0,0,0,,,,
2026-07-07T16:20:46-05:00,316,27.7,40.3,0,0,0,,,,
2026-07-07T16:21:16-05:00,317,27.8,40.6,0,0,0,,,,
2026-07-07T16:21:46-05:00,318,27.8,40.4,0,0,0,,,,
2026-07-07T16:22:16-05:00,319,27.7,40.4,0,0,0,,,,
2026-07-07T16:22:46-05:00,320,27.7,40.3,0,0,0,,,,
2026-07-07T16:23:16-05:00,321,27.8,41.2,0,0,0,,,,
2026-07-07T16:23:46-05:00,322,27.8,40.7,0,0,0,,,,
2026-07-07T16:24:16-05:00,323,27.8,40.4,0,0,0,,,,
2026-07-07T16:24:46-05:00,324,27.7,40.4,0,0,0,,,,
2026-07-07T16:25:16-05:00,325,27.8,40.4,0,0,0,,,,
2026-07-07T16:25:46-05:00,326,27.8,40.2,0,0,0,,,,
2026-07-07T16:26:16-05:00,327,27.8,40.3,0,0,0,,,,
2026-07-07T16:26:46-05:00,328,27.8,40.4,0,0,0,,,,
2026-07-07T16:27:16-05:00,329,27.7,40.1,0,0,0,,,,
2026-07-07T16:27:46-05:00,330,27.7,40.1,0,0,0,,,,
2026-07-07T16:28:16-05:00,331,27.8,40.1,0,0,0,,,,
2026-07-07T16:28:46-05:00,332,27.7,40.3,0,0,0,,,,
2026-07-07T16:29:16-05:00,333,27.8,40.6,0,0,0,,,,
2026-07-07T16:29:47-05:00,334,27.8,40.6,0,0,0,,,,
2026-07-07T16:30:16-05:00,335,27.8,40.6,0,0,0,,,,
2026-07-07T16:30:46-05:00,336,27.9,40.2,0,0,0,,,,
2026-07-07T16:31:16-05:00,337,27.8,40.1,0,0,0,,,,
2026-07-07T16:31:46-05:00,338,27.9,40.5,0,0,0,,,,
2026-07-07T16:32:16-05:00,339,27.8,40.3,0,0,0,,,,
2026-07-07T16:32:46-05:00,340,27.9,40.3,0,0,0,,,,
2026-07-07T16:33:16-05:00,341,27.8,40.1,0,0,0,,,,
2026-07-07T16:33:45-05:00,342,27.8,40.3,0,0,0,,,,
2026-07-07T16:34:16-05:00,343,27.7,40.4,0,0,0,,,,
2026-07-07T16:34:46-05:00,344,27.7,40.3,0,0,0,,,,
2026-07-07T16:35:16-05:00,345,27.7,40.3,0,0,0,,,,
2026-07-07T16:35:46-05:00,346,27.9,40.6,0,0,0,,,,
2026-07-07T16:36:16-05:00,347,27.8,40.6,0,0,0,,,,
2026-07-07T16:36:46-05:00,348,27.8,40.4,0,0,0,,,,
2026-07-07T16:37:16-05:00,349,27.8,40.6,0,0,0,,,,
2026-07-07T16:37:46-05:00,350,27.8,40.6,0,0,0,,,,
2026-07-07T16:38:16-05:00,351,27.8,40.4,0,0,0,,,,
2026-07-07T16:38:46-05:00,352,27.8,40.4,0,0,0,,,,
2026-07-07T16:39:16-05:00,353,27.8,40.8,0,0,0,,,,
2026-07-07T16:39:46-05:00,354,27.8,40.7,0,0,0,,,,
2026-07-07T16:40:16-05:00,355,27.7,40.9,0,0,0,,,,
2026-07-07T16:40:46-05:00,356,27.8,41.0,0,0,0,,,,
2026-07-07T16:41:16-05:00,357,27.7,40.9,0,0,0,,,,
2026-07-07T16:41:46-05:00,358,27.7,41.0,0,0,0,,,,
2026-07-07T16:42:16-05:00,359,27.8,41.2,0,0,0,,,,
2026-07-07T16:42:46-05:00,360,27.8,41.2,0,0,0,,,,
2026-07-07T16:43:16-05:00,361,27.8,41.2,0,0,0,,,,
2026-07-07T16:43:46-05:00,362,27.8,41.0,0,0,0,,,,
2026-07-07T16:44:17-05:00,363,27.7,41.3,0,0,0,,,,
2026-07-07T16:44:46-05:00,364,27.7,41.3,0,0,0,,,,
2026-07-07T16:45:16-05:00,365,27.7,41.3,0,0,0,,,,
2026-07-08T09:32:29-05:00,366,20.7,50.0,0,0,0,,,,
2026-07-08T09:32:58-05:00,367,20.7,49.9,0,0,0,,,,
2026-07-08T09:33:29-05:00,368,20.7,49.9,0,0,0,,,,
2026-07-08T09:33:59-05:00,369,20.7,49.9,0,0,0,,,,
2026-07-08T09:34:28-05:00,370,20.7,50.0,0,0,0,,,,
2026-07-08T09:34:59-05:00,371,20.7,50.0,0,0,0,,,,
2026-07-08T09:35:29-05:00,372,20.7,50.2,0,0,0,,,,
2026-07-08T09:35:59-05:00,373,20.7,50.2,0,0,0,,,,
2026-07-08T09:36:29-05:00,374,20.7,50.2,0,0,0,,,,
2026-07-08T09:36:59-05:00,375,20.7,50.0,0,0,0,,,,
2026-07-08T09:37:30-05:00,376,20.7,50.0,0,0,0,,,,
2026-07-08T09:37:59-05:00,377,20.7,50.2,0,0,0,,,,
2026-07-08T09:38:29-05:00,378,20.7,50.2,0,0,0,,,,
2026-07-08T09:38:59-05:00,379,20.7,50.2,0,0,0,,,,
2026-07-08T09:39:29-05:00,380,20.6,49.9,0,0,0,,,,
2026-07-08T09:39:59-05:00,381,20.8,49.9,0,0,0,,,,
2026-07-08T09:40:29-05:00,382,20.7,50.0,0,0,0,,,,
2026-07-08T09:40:59-05:00,383,20.7,50.0,0,0,0,,,,
2026-07-08T09:41:29-05:00,384,20.7,50.0,0,0,0,,,,
2026-07-08T09:41:49-05:00,385,,,1,1,0,,,,
2026-07-08T09:42:29-05:00,386,20.7,50.0,0,0,0,,,,
2026-07-08T09:42:59-05:00,387,20.7,50.0,0,0,0,,,,
2026-07-08T09:43:29-05:00,388,20.7,50.0,0,0,0,,,,
2026-07-08T09:43:59-05:00,389,20.7,50.0,0,0,0,,,,
2026-07-08T09:44:29-05:00,390,20.8,49.8,0,0,0,,,,
2026-07-08T09:44:59-05:00,391,20.8,49.8,0,0,0,,,,
2026-07-08T09:45:29-05:00,392,20.8,49.7,0,1,0,,,,
2026-07-08T09:45:59-05:00,393,20.8,49.7,0,1,0,,,,
2026-07-08T09:46:29-05:00,394,20.8,49.7,0,1,0,,,,
2026-07-08T09:46:59-05:00,395,20.9,49.4,1,1,0,,,,
2026-07-08T09:47:29-05:00,396,20.9,49.4,1,1,0,,,,
2026-07-08T09:47:59-05:00,397,20.8,49.0,1,0,0,,,,
2026-07-08T09:48:29-05:00,398,20.8,49.0,1,0,0,,,,
2026-07-08T09:48:59-05:00,399,20.8,49.0,1,0,0,,,,
2026-07-08T09:49:29-05:00,400,20.8,48.9,0,0,0,,,,
2026-07-08T09:49:59-05:00,401,20.8,48.9,0,0,0,,,,
2026-07-08T09:50:29-05:00,402,20.8,48.9,0,0,0,,,,
2026-07-08T09:50:59-05:00,403,20.8,49.0,0,0,0,,,,
2026-07-08T09:51:29-05:00,404,20.8,49.0,0,0,0,,,,
2026-07-08T09:51:59-05:00,405,20.9,49.2,0,0,0,,,,
2026-07-08T09:52:29-05:00,406,20.9,49.2,0,0,0,,,,
2026-07-08T09:52:59-05:00,407,20.9,49.0,0,0,0,,,,
2026-07-08T09:53:29-05:00,408,20.9,49.0,0,0,0,,,,
2026-07-08T09:53:59-05:00,409,20.9,48.5,0,0,0,,,,
2026-07-08T09:54:29-05:00,410,20.9,48.5,0,0,0,,,,
2026-07-08T09:54:59-05:00,411,20.9,48.5,0,0,0,,,,
2026-07-08T09:55:29-05:00,412,20.9,48.5,0,0,0,,,,
2026-07-08T09:55:59-05:00,413,20.9,48.3,0,0,0,,,,
2026-07-08T09:56:29-05:00,414,20.9,48.3,0,0,0,,,,
2026-07-08T09:56:59-05:00,415,20.9,48.8,0,0,0,,,,
2026-07-08T09:57:29-05:00,416,20.9,48.8,0,0,0,,,,
2026-07-08T09:57:59-05:00,417,20.9,48.8,0,0,0,,,,
2026-07-08T09:58:29-05:00,418,21.0,48.9,0,0,0,,,,
2026-07-08T09:58:59-05:00,419,21.0,48.9,0,0,0,,,,
2026-07-08T09:59:29-05:00,420,21.0,48.9,0,0,0,,,,
2026-07-08T09:59:59-05:00,421,21.0,48.9,0,0,0,,,,
2026-07-08T10:00:29-05:00,422,20.9,49.0,0,0,0,,,,
2026-07-08T10:00:59-05:00,423,20.9,49.0,0,0,0,,,,
2026-07-08T10:01:29-05:00,424,20.9,49.0,0,0,0,,,,
2026-07-08T10:01:59-05:00,425,21.0,49.1,0,0,0,,,,
2026-07-08T10:02:29-05:00,426,21.0,49.1,0,0,0,,,,
2026-07-08T10:02:59-05:00,427,21.0,49.1,0,0,0,,,,
2026-07-08T10:03:29-05:00,428,21.0,48.8,0,0,0,,,,
2026-07-08T10:03:59-05:00,429,21.1,48.9,0,0,0,,,,
2026-07-08T10:04:29-05:00,430,21.1,48.9,0,0,0,,,,
2026-07-08T10:04:59-05:00,431,21.1,48.9,0,0,0,,,,
2026-07-08T10:05:29-05:00,432,21.0,49.4,0,0,0,,,,
2026-07-08T10:05:59-05:00,433,21.0,49.4,0,0,0,,,,
2026-07-08T10:06:29-05:00,434,21.0,49.4,0,0,0,,,,
2026-07-08T10:06:59-05:00,435,21.0,49.5,0,0,0,,,,
2026-07-08T10:07:29-05:00,436,21.0,49.5,0,0,0,,,,
2026-07-08T10:07:59-05:00,437,21.1,49.1,0,0,0,,,,
2026-07-08T10:08:29-05:00,438,21.1,49.1,0,0,0,,,,
2026-07-08T10:08:59-05:00,439,21.1,49.1,0,0,0,,,,
2026-07-08T10:09:29-05:00,440,21.1,49.1,0,0,0,,,,
2026-07-08T10:09:59-05:00,441,21.1,49.1,0,0,0,,,,
2026-07-08T10:10:29-05:00,442,21.1,48.8,0,0,0,,,,
2026-07-08T10:10:59-05:00,443,21.1,48.8,0,0,0,,,,
2026-07-08T10:11:29-05:00,444,21.1,48.8,0,0,0,,,,
2026-07-08T10:11:59-05:00,445,21.1,48.9,0,0,0,,,,
2026-07-08T10:12:29-05:00,446,21.2,48.9,0,0,0,,,,
2026-07-08T10:12:59-05:00,447,21.2,48.8,0,0,0,,,,
2026-07-08T10:13:29-05:00,448,21.2,48.8,0,0,0,,,,
2026-07-08T10:13:59-05:00,449,21.1,49.0,0,0,0,,,,
2026-07-08T10:14:29-05:00,450,21.1,49.0,0,0,0,,,,
2026-07-08T10:14:58-05:00,451,21.1,49.0,0,0,0,,,,
2026-07-08T10:15:29-05:00,452,21.2,48.8,0,0,0,,,,
2026-07-08T10:15:59-05:00,453,21.2,48.8,0,0,0,,,,
2026-07-08T10:16:29-05:00,454,21.2,48.8,0,0,0,,,,
2026-07-08T10:16:59-05:00,455,21.3,48.9,0,0,0,,,,
2026-07-08T10:17:29-05:00,456,21.3,48.5,0,0,0,,,,
2026-07-08T10:17:59-05:00,457,21.3,48.6,0,0,0,,,,
2026-07-08T10:18:29-05:00,458,21.3,48.6,0,0,0,,,,
2026-07-08T10:18:59-05:00,459,21.3,48.7,0,0,0,,,,
2026-07-08T10:19:29-05:00,460,21.3,48.7,0,0,0,,,,
2026-07-08T10:19:59-05:00,461,21.3,48.7,0,1,0,,,,
2026-07-08T10:20:29-05:00,462,21.3,49.2,1,1,0,,,,
2026-07-08T10:20:59-05:00,463,21.3,49.2,1,1,0,,,,
2026-07-08T10:22:48-05:00,464,21.3,49.3,1,1,0,,,,
2026-07-08T10:23:18-05:00,465,21.3,49.3,1,1,0,,,,
2026-07-08T10:23:48-05:00,466,21.3,49.2,1,1,0,,,,
2026-07-08T10:24:18-05:00,467,21.3,49.2,1,1,0,,,,
2026-07-08T10:24:48-05:00,468,21.3,49.2,1,1,0,,,,
2026-07-08T10:25:18-05:00,469,21.4,48.9,1,1,0,,,,
2026-07-08T10:25:48-05:00,470,21.4,48.9,1,1,0,,,,
2026-07-08T10:26:18-05:00,471,21.4,48.9,1,1,0,,,,
2026-07-08T10:26:48-05:00,472,21.4,49.4,1,1,0,,,,
2026-07-08T10:27:18-05:00,473,21.4,49.4,1,1,0,,,,
2026-07-08T10:27:48-05:00,474,21.5,49.1,1,1,0,,,,
2026-07-08T10:28:18-05:00,475,21.5,49.1,1,1,0,,,,
2026-07-08T10:28:48-05:00,476,21.8,49.1,1,1,0,,,,
2026-07-08T10:30:58-05:00,477,,,0,0,0,,,,
2026-07-08T10:31:23-05:00,478,21.9,48.3,0,0,0,,,,
2026-07-08T10:31:53-05:00,479,22.0,48.6,0,0,0,,,,
2026-07-08T10:32:23-05:00,480,22.0,48.6,0,0,0,,,,
2026-07-08T10:32:53-05:00,481,22.0,48.6,0,0,0,,,,
2026-07-08T10:33:23-05:00,482,22.0,48.6,0,0,0,,,,
2026-07-08T10:33:52-05:00,483,22.1,48.4,0,0,0,,,,
2026-07-08T10:34:23-05:00,484,22.0,48.2,0,0,0,,,,
2026-07-08T10:34:53-05:00,485,22.0,48.2,0,0,0,,,,
2026-07-08T10:35:23-05:00,486,22.2,48.5,0,0,0,,,,
2026-07-08T10:35:53-05:00,487,22.2,48.5,0,0,0,,,,
2026-07-08T10:36:23-05:00,488,22.2,48.1,0,0,0,,,,
2026-07-08T10:36:53-05:00,489,22.2,48.0,0,0,0,,,,
2026-07-08T10:37:23-05:00,490,22.2,47.8,0,0,0,,,,
2026-07-08T10:37:53-05:00,491,22.2,47.8,0,0,0,,,,
2026-07-08T10:38:23-05:00,492,22.2,47.8,0,0,0,,,,
2026-07-08T10:38:53-05:00,493,22.2,47.9,0,0,0,,,,
2026-07-08T10:39:23-05:00,494,22.2,47.9,0,0,0,,,,
2026-07-08T10:39:53-05:00,495,22.2,47.9,0,0,0,,,,
2026-07-08T10:40:23-05:00,496,22.4,48.0,0,0,0,,,,
2026-07-08T10:40:53-05:00,497,22.4,48.0,0,0,0,,,,
2026-07-08T10:41:23-05:00,498,22.4,48.1,0,0,0,,,,
2026-07-08T10:41:53-05:00,499,22.4,48.2,0,0,0,,,,
2026-07-08T10:42:23-05:00,500,22.5,47.9,0,0,0,,,,
2026-07-08T10:42:53-05:00,501,22.5,47.9,0,0,0,,,,
2026-07-08T10:43:23-05:00,502,22.5,47.9,0,0,0,,,,
2026-07-08T10:43:53-05:00,503,22.6,48.0,0,0,0,,,,
2026-07-08T10:44:23-05:00,504,22.6,47.6,0,0,0,,,,
2026-07-08T10:44:54-05:00,505,22.6,47.6,0,0,0,,,,
2026-07-08T10:45:23-05:00,506,22.5,47.7,0,0,0,,,,
2026-07-08T10:45:53-05:00,507,22.6,48.0,0,0,0,,,,
2026-07-08T10:46:23-05:00,508,22.6,48.0,0,0,0,,,,
2026-07-08T10:46:53-05:00,509,22.6,48.1,0,0,0,,,,
2026-07-08T10:47:23-05:00,510,22.6,47.1,0,0,0,,,,
2026-07-08T10:47:53-05:00,511,22.6,47.1,0,0,0,,,,
2026-07-08T10:48:23-05:00,512,22.6,47.1,0,0,0,,,,
2026-07-08T10:48:53-05:00,513,22.6,47.3,0,0,0,,,,
2026-07-08T10:49:24-05:00,514,22.6,47.3,0,0,0,,,,
2026-07-08T10:49:53-05:00,515,22.6,47.3,0,0,0,,,,
2026-07-08T10:50:23-05:00,516,22.6,47.0,0,0,0,,,,
2026-07-08T10:50:53-05:00,517,22.5,47.1,0,0,0,,,,
2026-07-08T10:51:23-05:00,518,22.5,47.3,0,0,0,,,,
2026-07-08T10:51:53-05:00,519,22.5,47.3,0,0,0,,,,
2026-07-08T10:52:23-05:00,520,22.5,47.3,0,0,0,,,,
2026-07-08T10:52:53-05:00,521,22.5,47.3,0,0,0,,,,
2026-07-08T10:53:23-05:00,522,22.5,47.3,0,0,0,,,,
2026-07-08T10:53:53-05:00,523,22.6,47.5,0,0,0,,,,
2026-07-08T10:54:24-05:00,524,22.6,47.5,0,0,0,,,,
2026-07-08T10:54:53-05:00,525,22.6,47.5,0,0,0,,,,
2026-07-08T10:55:25-05:00,526,22.6,47.0,0,0,0,,,,
2026-07-08T10:55:53-05:00,527,22.6,47.1,0,0,0,,,,
2026-07-08T10:56:23-05:00,528,22.6,47.0,0,0,0,,,,
2026-07-08T10:56:53-05:00,529,22.6,47.0,0,0,0,,,,
2026-07-08T10:57:23-05:00,530,22.5,47.2,0,0,0,,,,
2026-07-08T10:57:54-05:00,531,22.5,47.2,0,0,0,,,,
2026-07-08T10:58:23-05:00,532,22.5,47.2,0,0,0,,,,
2026-07-08T10:58:53-05:00,533,22.6,47.5,0,0,0,,,,
2026-07-08T10:59:22-05:00,534,22.6,47.5,0,0,0,,,,
2026-07-08T10:59:53-05:00,535,22.6,47.5,0,0,0,,,,
2026-07-08T11:00:23-05:00,536,22.8,47.4,0,0,0,,,,
2026-07-08T11:00:53-05:00,537,22.7,47.1,0,0,0,,,,
2026-07-08T11:01:23-05:00,538,22.8,47.1,0,0,0,,,,
2026-07-08T11:01:53-05:00,539,22.7,46.9,0,0,0,,,,
2026-07-08T11:02:23-05:00,540,22.8,47.2,0,0,0,,,,
2026-07-08T11:02:53-05:00,541,22.8,47.2,0,0,0,,,,
2026-07-08T11:03:22-05:00,542,22.8,47.2,0,0,0,,,,
2026-07-08T11:03:53-05:00,543,22.8,46.9,0,0,0,,,,
2026-07-08T11:04:23-05:00,544,22.8,46.9,0,0,0,,,,
2026-07-08T11:04:53-05:00,545,22.8,46.9,0,0,0,,,,
2026-07-08T11:05:23-05:00,546,22.9,46.8,0,0,0,,,,
2026-07-08T11:05:53-05:00,547,22.9,46.8,0,0,0,,,,
2026-07-08T11:06:23-05:00,548,22.9,46.8,0,0,0,,,,
2026-07-08T11:06:53-05:00,549,22.9,46.8,0,0,0,,,,
2026-07-08T11:07:23-05:00,550,22.9,47.1,0,0,0,,,,
2026-07-08T11:07:53-05:00,551,23.0,47.1,0,0,0,,,,
2026-07-08T11:08:23-05:00,552,23.0,47.1,0,0,0,,,,
2026-07-08T11:08:53-05:00,553,23.0,46.9,0,0,0,,,,
2026-07-08T11:09:23-05:00,554,23.0,46.9,0,0,0,,,,
2026-07-08T11:09:53-05:00,555,23.0,47.0,0,0,0,,,,
2026-07-08T11:10:23-05:00,556,23.0,47.0,0,0,0,,,,
2026-07-08T11:10:53-05:00,557,23.0,47.1,0,0,0,,,,
2026-07-08T11:11:23-05:00,558,23.0,47.1,0,0,0,,,,
2026-07-08T11:11:53-05:00,559,23.0,47.1,0,0,0,,,,
2026-07-08T11:12:22-05:00,560,23.1,46.5,0,0,0,,,,
2026-07-08T11:12:53-05:00,561,23.1,46.5,0,0,0,,,,
2026-07-08T11:13:23-05:00,562,23.1,46.5,0,0,0,,,,
2026-07-08T11:13:53-05:00,563,23.1,46.8,0,0,0,,,,
2026-07-08T11:14:22-05:00,564,23.1,47.1,0,0,0,,,,
2026-07-08T11:14:53-05:00,565,23.1,47.1,0,0,0,,,,
2026-07-08T11:15:23-05:00,566,23.1,47.1,0,0,0,,,,
2026-07-08T11:15:53-05:00,567,23.1,47.0,0,0,0,,,,
2026-07-08T11:16:23-05:00,568,23.1,47.0,0,0,0,,,,
2026-07-08T11:16:53-05:00,569,23.1,47.0,0,0,0,,,,
2026-07-08T11:17:23-05:00,570,23.3,46.8,0,0,0,,,,
2026-07-08T11:17:53-05:00,571,23.3,46.8,0,0,0,,,,
2026-07-08T11:18:23-05:00,572,23.4,46.7,0,0,0,,,,
2026-07-08T11:18:53-05:00,573,23.4,46.6,0,0,0,,,,
2026-07-08T11:19:23-05:00,574,23.4,46.7,0,0,0,,,,
2026-07-08T11:19:53-05:00,575,23.4,46.7,0,0,0,,,,
2026-07-08T11:20:23-05:00,576,23.4,46.7,0,0,0,,,,
2026-07-08T11:20:53-05:00,577,23.5,46.4,0,0,0,,,,
2026-07-08T11:21:23-05:00,578,23.5,46.4,0,0,0,,,,
2026-07-08T11:21:53-05:00,579,23.5,46.4,0,0,0,,,,
2026-07-08T11:22:23-05:00,580,23.6,46.7,0,0,0,,,,
2026-07-08T11:22:53-05:00,581,23.7,46.8,0,0,0,,,,
2026-07-08T11:23:23-05:00,582,23.7,46.8,0,0,0,,,,
2026-07-08T11:23:53-05:00,583,23.7,46.8,0,0,0,,,,
2026-07-08T11:24:23-05:00,584,23.7,46.4,0,0,0,,,,
2026-07-08T11:24:53-05:00,585,23.7,46.4,0,0,0,,,,
2026-07-08T11:25:23-05:00,586,23.7,46.4,0,0,0,,,,
2026-07-08T11:25:53-05:00,587,23.8,46.8,0,0,0,,,,
2026-07-08T11:26:23-05:00,588,23.8,46.8,0,0,0,,,,
2026-07-08T11:26:53-05:00,589,23.8,46.6,0,0,0,,,,
2026-07-08T11:27:23-05:00,590,23.9,46.4,0,0,0,,,,
2026-07-08T11:27:53-05:00,591,23.9,46.4,0,0,0,,,,
2026-07-08T11:28:23-05:00,592,23.9,46.4,0,0,0,,,,
2026-07-08T11:28:53-05:00,593,23.9,46.4,0,0,0,,,,
2026-07-08T11:29:23-05:00,594,24.0,46.6,0,0,0,,,,
2026-07-08T11:29:53-05:00,595,24.0,46.6,0,0,0,,,,
2026-07-08T11:30:23-05:00,596,24.0,46.6,0,0,0,,,,
2026-07-08T11:30:53-05:00,597,24.0,46.5,0,0,0,,,,
2026-07-08T11:31:23-05:00,598,24.0,46.5,0,0,0,,,,
2026-07-08T11:31:53-05:00,599,23.9,46.5,0,0,0,,,,
2026-07-08T11:32:23-05:00,600,23.9,46.4,0,0,0,,,,
2026-07-08T11:33:12-05:00,601,23.9,46.5,0,0,0,,,,
2026-07-08T11:33:43-05:00,602,23.9,46.5,0,0,0,,,,
2026-07-08T11:34:13-05:00,603,23.9,47.2,0,0,0,,,,
2026-07-08T11:34:43-05:00,604,23.9,47.2,0,0,0,,,,
2026-07-08T11:35:13-05:00,605,23.9,47.2,0,0,0,,,,
2026-07-08T11:35:35-05:00,606,,,0,0,1,,,,
2026-07-08T11:36:13-05:00,607,23.9,47.2,0,0,0,,,,
2026-07-08T11:36:43-05:00,608,23.8,47.3,0,0,0,,,,
2026-07-08T11:37:13-05:00,609,23.8,47.3,0,0,0,,,,
2026-07-08T11:37:43-05:00,610,23.8,47.3,0,0,0,,,,
2026-07-08T11:38:51-05:00,611,23.7,47.2,0,0,0,,,,
2026-07-08T11:39:22-05:00,612,23.8,47.9,0,0,0,,,,
2026-07-08T11:39:52-05:00,613,23.8,47.8,0,0,0,,,,
2026-07-08T11:40:22-05:00,614,23.8,47.8,0,0,0,,,,
2026-07-08T11:40:52-05:00,615,23.7,48.0,0,0,0,,,,
2026-07-08T11:42:54-05:00,616,23.7,47.6,0,0,0,,,,
2026-07-08T11:43:24-05:00,617,23.7,47.6,0,0,0,,,,
2026-07-08T11:43:54-05:00,618,23.7,47.6,0,0,0,,,,
2026-07-08T11:44:25-05:00,619,23.7,50.3,0,0,0,,,,
2026-07-08T11:44:54-05:00,620,23.7,50.3,0,0,0,,,,
2026-07-08T11:45:24-05:00,621,23.7,50.3,0,0,0,,,,
2026-07-08T11:45:54-05:00,622,23.7,50.3,0,0,0,,,,
2026-07-08T11:46:23-05:00,623,23.9,48.8,0,0,0,,,,
2026-07-08T11:46:54-05:00,624,23.9,48.8,0,1,0,,,,
2026-07-08T11:47:21-05:00,625,,,0,0,0,,,,
2026-07-08T11:47:53-05:00,626,23.9,48.0,0,0,0,,,,
2026-07-08T11:48:24-05:00,627,23.9,48.0,0,0,0,,,,
2026-07-08T11:48:54-05:00,628,23.9,48.0,0,0,0,,,,
2026-07-08T11:49:24-05:00,629,24.0,47.4,0,0,0,,,,
2026-07-08T11:49:54-05:00,630,24.0,47.4,0,0,0,,,,
2026-07-08T11:50:24-05:00,631,24.0,47.4,0,0,0,,,,
2026-07-08T11:50:54-05:00,632,24.0,47.4,0,0,0,,,,
2026-07-08T11:51:24-05:00,633,24.0,49.2,0,0,0,,,,
2026-07-08T11:51:53-05:00,634,24.0,49.2,0,0,0,,,,
2026-07-08T11:52:24-05:00,635,24.0,49.2,0,0,0,,,,
2026-07-08T11:52:54-05:00,636,24.1,47.8,0,0,0,,,,
2026-07-08T11:53:24-05:00,637,24.1,47.8,0,0,0,,,,
2026-07-08T11:53:54-05:00,638,24.1,47.8,0,0,0,,,,
2026-07-08T11:54:24-05:00,639,24.2,47.9,0,0,0,,,,
2026-07-08T11:54:54-05:00,640,24.2,47.9,0,0,0,,,,
2026-07-08T11:55:24-05:00,641,24.2,47.9,0,0,0,,,,
2026-07-08T11:55:54-05:00,642,24.2,47.9,0,0,0,,,,
2026-07-08T11:56:24-05:00,643,24.3,47.3,0,0,0,,,,
2026-07-08T11:56:54-05:00,644,24.3,47.3,0,0,0,,,,
2026-07-08T11:57:24-05:00,645,24.3,47.3,0,0,0,,,,
2026-07-08T11:57:54-05:00,646,24.3,47.3,0,0,0,,,,
2026-07-08T11:58:24-05:00,647,24.3,47.3,0,0,0,,,,
2026-07-08T11:58:54-05:00,648,24.3,47.3,0,0,0,,,,
2026-07-08T11:59:24-05:00,649,24.4,47.5,0,0,0,,,,
2026-07-08T11:59:54-05:00,650,24.4,47.5,0,0,0,,,,
2026-07-08T12:00:24-05:00,651,24.4,47.5,0,0,0,,,,
2026-07-08T12:00:54-05:00,652,24.4,47.5,0,0,0,,,,
2026-07-08T12:01:24-05:00,653,24.5,46.7,0,0,0,,,,
2026-07-08T12:01:54-05:00,654,24.5,46.7,0,0,0,,,,
2026-07-08T12:02:24-05:00,655,24.5,46.7,0,0,0,,,,
2026-07-08T12:02:54-05:00,656,24.4,46.6,0,0,0,,,,
2026-07-08T12:03:24-05:00,657,24.4,46.6,0,0,0,,,,
2026-07-08T12:03:54-05:00,658,24.4,46.6,0,0,0,,,,
2026-07-08T12:04:24-05:00,659,24.4,46.7,0,0,0,,,,
2026-07-08T12:04:54-05:00,660,24.4,46.7,0,0,0,,,,
2026-07-08T12:05:24-05:00,661,24.4,46.7,0,0,0,,,,
2026-07-08T12:05:54-05:00,662,24.4,46.7,0,0,0,,,,
2026-07-08T12:06:24-05:00,663,24.5,47.0,0,0,0,,,,
2026-07-08T12:06:54-05:00,664,24.5,47.0,0,0,0,,,,
2026-07-08T12:07:24-05:00,665,24.5,47.0,0,0,0,,,,
2026-07-08T12:07:54-05:00,666,24.6,46.8,0,0,0,,,,
2026-07-08T12:08:24-05:00,667,24.6,46.8,0,0,0,,,,
2026-07-08T12:08:54-05:00,668,24.6,46.8,0,0,0,,,,
2026-07-08T12:09:24-05:00,669,24.5,46.7,0,0,0,,,,
2026-07-08T12:09:54-05:00,670,24.5,46.7,0,0,0,,,,
2026-07-08T12:10:24-05:00,671,24.5,46.6,0,0,0,,,,
2026-07-08T12:10:54-05:00,672,24.5,46.6,0,0,0,,,,
2026-07-08T12:11:24-05:00,673,24.6,46.4,0,0,0,,,,
2026-07-08T12:11:54-05:00,674,24.6,46.4,0,0,0,,,,
2026-07-08T12:12:24-05:00,675,24.6,46.4,0,0,0,,,,
2026-07-08T12:12:54-05:00,676,24.7,46.4,0,0,0,,,,
2026-07-08T12:13:24-05:00,677,24.7,46.4,0,0,0,,,,
2026-07-08T12:13:54-05:00,678,24.7,46.4,0,0,0,,,,
2026-07-08T12:14:24-05:00,679,24.6,46.4,0,0,0,,,,
2026-07-08T12:14:54-05:00,680,24.6,46.4,0,0,0,,,,
2026-07-08T12:15:24-05:00,681,24.7,46.2,0,0,0,,,,
2026-07-08T12:15:54-05:00,682,24.7,46.2,0,0,0,,,,
2026-07-08T12:16:24-05:00,683,24.8,46.3,0,0,0,,,,
2026-07-08T12:16:54-05:00,684,24.8,46.3,0,0,0,,,,
2026-07-08T12:17:24-05:00,685,24.8,46.3,0,0,0,,,,
2026-07-08T12:17:54-05:00,686,24.8,46.3,0,0,0,,,,
2026-07-08T12:18:24-05:00,687,24.8,46.3,0,0,0,,,,
2026-07-08T12:18:54-05:00,688,24.8,46.3,0,0,0,,,,
2026-07-08T12:19:24-05:00,689,24.8,46.3,0,0,0,,,,
2026-07-08T12:19:54-05:00,690,24.8,46.2,0,0,0,,,,
2026-07-08T12:20:24-05:00,691,24.8,46.2,0,0,0,,,,
2026-07-08T12:20:54-05:00,692,24.8,46.2,0,0,0,,,,
2026-07-08T12:21:24-05:00,693,24.8,46.2,0,0,0,,,,
2026-07-08T12:22:34-05:00,694,25.0,46.0,0,0,0,,,,
2026-07-08T12:23:05-05:00,695,25.0,46.0,0,0,0,,,,
2026-07-08T12:23:35-05:00,696,25.0,46.0,0,0,0,,,,
2026-07-08T12:24:05-05:00,697,25.0,46.0,0,0,0,,,,
2026-07-08T12:24:35-05:00,698,25.0,46.0,0,0,0,,,,
2026-07-08T12:25:05-05:00,699,25.1,45.9,0,0,0,,,,
2026-07-08T12:25:35-05:00,700,25.1,45.9,0,0,0,,,,
2026-07-08T12:26:05-05:00,701,25.2,46.0,0,0,0,,,,
2026-07-08T12:26:35-05:00,702,25.2,46.0,0,0,0,,,,
2026-07-08T12:27:05-05:00,703,25.2,46.0,0,0,0,,,,
2026-07-08T12:27:35-05:00,704,25.2,45.9,0,0,0,,,,
2026-07-08T12:28:05-05:00,705,25.2,45.9,0,0,0,,,,
2026-07-08T12:28:35-05:00,706,25.2,45.9,0,0,0,,,,
2026-07-08T12:29:05-05:00,707,25.3,46.3,0,0,0,,,,
2026-07-08T12:29:35-05:00,708,25.3,46.3,0,0,0,,,,
2026-07-08T12:30:06-05:00,709,25.3,45.7,0,0,0,,,,
2026-07-08T12:30:35-05:00,710,25.3,45.7,0,0,0,,,,
2026-07-08T12:31:05-05:00,711,25.4,46.0,0,0,0,,,,
2026-07-08T12:31:35-05:00,712,25.4,46.0,0,0,0,,,,
2026-07-08T12:32:05-05:00,713,25.4,46.0,0,0,0,,,,
2026-07-08T12:32:35-05:00,714,25.4,45.7,0,0,0,,,,
2026-07-08T12:33:05-05:00,715,25.4,45.7,0,0,0,,,,
2026-07-08T12:33:35-05:00,716,25.4,45.7,0,0,0,,,,
2026-07-08T12:34:05-05:00,717,25.3,45.8,0,0,0,,,,
2026-07-08T12:34:35-05:00,718,25.3,45.8,0,0,0,,,,
2026-07-08T12:35:05-05:00,719,25.4,46.1,0,0,0,,,,
2026-07-08T12:35:35-05:00,720,25.4,46.1,0,0,0,,,,
2026-07-08T12:36:05-05:00,721,25.5,45.6,0,0,0,,,,
2026-07-08T12:36:35-05:00,722,25.5,45.6,0,0,0,,,,
2026-07-08T12:37:05-05:00,723,25.5,45.6,0,0,0,,,,
2026-07-08T12:37:35-05:00,724,25.5,45.9,0,0,0,,,,
2026-07-08T12:38:05-05:00,725,25.5,45.9,0,0,0,,,,
2026-07-08T12:38:35-05:00,726,25.5,45.9,0,0,0,,,,
2026-07-08T12:39:05-05:00,727,25.5,45.8,0,0,0,,,,
2026-07-08T12:39:35-05:00,728,25.5,45.8,0,0,0,,,,
2026-07-08T12:40:05-05:00,729,25.5,45.8,0,0,0,,,,
2026-07-08T12:40:35-05:00,730,25.5,45.8,0,0,0,,,,
2026-07-08T12:41:05-05:00,731,25.5,45.9,0,0,0,,,,
2026-07-08T12:41:35-05:00,732,25.5,45.9,0,0,0,,,,
2026-07-08T12:42:39-05:00,733,25.5,46.1,0,0,0,,,,
2026-07-08T12:44:28-05:00,734,25.3,46.8,0,0,0,,,,
2026-07-08T12:44:58-05:00,735,25.3,46.8,0,0,0,,,,
2026-07-08T12:45:28-05:00,736,25.3,46.8,0,0,0,,,,
2026-07-08T12:45:58-05:00,737,25.6,45.8,0,0,0,,,,
2026-07-08T12:46:28-05:00,738,25.6,45.8,0,0,0,,,,
2026-07-08T12:46:58-05:00,739,25.6,45.8,0,0,0,,,,
2026-07-08T12:47:28-05:00,740,25.5,46.8,0,0,0,,,,
2026-07-08T12:47:58-05:00,741,25.8,46.9,0,0,0,,,,
2026-07-08T12:48:28-05:00,742,26.0,46.5,0,0,0,,,,
2026-07-08T12:48:58-05:00,743,26.3,45.7,0,0,0,,,,
2026-07-08T12:49:28-05:00,744,26.6,45.0,0,0,0,,,,
2026-07-08T12:49:58-05:00,745,26.8,44.7,0,0,0,,,,
2026-07-08T12:50:28-05:00,746,26.8,44.7,0,0,0,,,,
2026-07-08T12:50:58-05:00,747,27.2,43.8,0,0,0,,,,
2026-07-08T12:51:28-05:00,748,27.2,43.6,0,0,0,,,,
2026-07-08T12:51:58-05:00,749,27.5,43.5,0,0,0,,,,
2026-07-08T12:52:28-05:00,750,27.4,43.4,0,0,0,,,,
2026-07-08T12:52:58-05:00,751,27.5,43.3,0,0,0,,,,
2026-07-08T12:53:28-05:00,752,27.6,42.6,0,0,0,,,,
2026-07-08T12:53:58-05:00,753,27.6,41.9,0,0,0,,,,
2026-07-08T12:54:28-05:00,754,27.6,41.9,0,0,0,,,,
2026-07-08T12:54:58-05:00,755,27.5,41.7,0,0,0,,,,
2026-07-08T12:55:28-05:00,756,27.5,41.7,0,0,0,,,,
2026-07-08T12:55:58-05:00,757,27.6,41.7,0,0,0,,,,
2026-07-08T12:56:28-05:00,758,27.5,41.9,0,0,0,,,,
2026-07-08T12:56:58-05:00,759,27.6,41.9,0,0,0,,,,
2026-07-08T12:57:28-05:00,760,27.6,42.1,0,0,0,,,,
2026-07-08T12:57:58-05:00,761,27.5,42.1,0,0,0,,,,
2026-07-08T12:58:28-05:00,762,27.7,42.0,0,0,0,,,,
2026-07-08T12:58:58-05:00,763,27.7,42.0,0,0,0,,,,
2026-07-08T12:59:28-05:00,764,27.7,42.0,0,0,0,,,,
2026-07-08T12:59:58-05:00,765,27.7,42.2,0,0,0,,,,
2026-07-08T13:00:28-05:00,766,27.8,42.1,0,0,0,,,,
2026-07-08T13:00:58-05:00,767,27.8,42.2,0,0,0,,,,
2026-07-08T13:01:28-05:00,768,27.8,42.2,0,0,0,,,,
2026-07-08T13:01:58-05:00,769,27.6,42.7,0,0,0,,,,
2026-07-08T13:02:28-05:00,770,27.6,42.5,0,0,0,,,,
2026-07-08T13:02:58-05:00,771,27.6,42.5,0,0,0,,,,
2026-07-08T13:03:28-05:00,772,27.5,42.6,0,0,0,,,,
2026-07-08T13:03:58-05:00,773,27.5,42.6,0,0,0,,,,
2026-07-08T13:04:28-05:00,774,27.5,42.8,0,0,0,,,,
2026-07-08T13:04:58-05:00,775,27.5,42.9,0,0,0,,,,
2026-07-08T13:05:28-05:00,776,27.4,43.3,0,0,0,,,,
2026-07-08T13:05:58-05:00,777,27.5,42.9,0,0,0,,,,
2026-07-08T13:06:28-05:00,778,27.5,42.7,0,0,0,,,,
2026-07-08T13:06:58-05:00,779,27.5,42.8,0,0,0,,,,
2026-07-08T13:07:28-05:00,780,27.5,42.8,0,0,0,,,,
2026-07-08T13:07:58-05:00,781,27.5,42.8,0,0,0,,,,
2026-07-08T13:08:28-05:00,782,27.5,42.7,0,0,0,,,,
2026-07-08T13:08:58-05:00,783,27.6,42.8,0,0,0,,,,
2026-07-08T13:09:28-05:00,784,27.5,42.8,0,0,0,,,,
2026-07-08T13:09:58-05:00,785,27.5,42.6,0,0,0,,,,
2026-07-08T13:10:28-05:00,786,27.5,42.6,0,0,0,,,,
2026-07-08T13:10:58-05:00,787,27.6,42.6,0,0,0,,,,
2026-07-08T13:11:28-05:00,788,27.6,42.6,0,0,0,,,,
2026-07-08T13:11:58-05:00,789,27.5,42.6,0,0,0,,,,
2026-07-08T13:12:28-05:00,790,27.6,42.5,0,0,0,,,,
2026-07-08T13:12:58-05:00,791,27.6,42.5,0,0,0,,,,
2026-07-08T13:13:28-05:00,792,27.5,43.0,0,0,0,,,,
2026-07-08T13:13:58-05:00,793,27.6,42.7,0,0,0,,,,
2026-07-08T13:14:28-05:00,794,27.5,42.7,0,0,0,,,,
2026-07-08T13:14:58-05:00,795,27.6,42.6,0,0,0,,,,
2026-07-08T13:15:28-05:00,796,27.6,42.8,0,0,0,,,,
2026-07-08T13:15:57-05:00,797,27.5,43.0,0,0,0,,,,
2026-07-08T13:16:28-05:00,798,27.5,43.0,0,0,0,,,,
2026-07-08T13:16:58-05:00,799,27.7,42.8,0,0,0,,,,
2026-07-08T13:17:28-05:00,800,27.6,42.6,0,0,0,,,,
2026-07-08T13:17:58-05:00,801,27.6,42.8,0,0,0,,,,
2026-07-08T13:18:28-05:00,802,27.6,42.7,0,0,0,,,,
2026-07-08T13:18:58-05:00,803,27.6,42.8,0,0,0,,,,
2026-07-08T13:19:28-05:00,804,27.7,42.6,0,0,0,,,,
2026-07-08T13:19:58-05:00,805,27.7,42.6,0,0,0,,,,
2026-07-08T13:20:28-05:00,806,27.6,43.0,0,0,0,,,,
2026-07-08T13:20:58-05:00,807,27.7,43.0,0,0,0,,,,
2026-07-08T13:21:28-05:00,808,27.7,43.0,0,0,0,,,,
2026-07-08T13:21:58-05:00,809,27.6,42.9,0,0,0,,,,
2026-07-08T13:22:28-05:00,810,27.6,42.8,0,0,0,,,,
2026-07-08T13:22:58-05:00,811,27.7,42.5,0,0,0,,,,
2026-07-08T13:23:28-05:00,812,27.7,42.5,0,0,0,,,,
2026-07-08T13:23:58-05:00,813,27.7,42.7,0,0,0,,,,
2026-07-08T13:24:28-05:00,814,27.7,42.9,0,0,0,,,,
2026-07-08T13:24:58-05:00,815,27.7,42.9,0,0,0,,,,
2026-07-08T13:25:28-05:00,816,27.7,42.7,0,0,0,,,,
2026-07-08T13:25:58-05:00,817,27.7,42.7,0,0,0,,,,
2026-07-08T13:26:28-05:00,818,27.7,42.6,0,0,0,,,,
2026-07-08T13:26:58-05:00,819,27.7,42.6,0,0,0,,,,
2026-07-08T13:27:28-05:00,820,27.8,42.7,0,0,0,,,,
2026-07-08T13:27:57-05:00,821,27.8,42.8,0,0,0,,,,
2026-07-08T13:28:28-05:00,822,27.8,42.8,0,0,0,,,,
2026-07-08T13:28:58-05:00,823,27.7,43.0,0,0,0,,,,
2026-07-08T13:29:28-05:00,824,27.8,42.5,0,0,0,,,,
2026-07-08T13:29:58-05:00,825,27.8,42.5,0,0,0,,,,
2026-07-08T13:30:28-05:00,826,27.6,43.7,0,0,0,,,,
2026-07-08T13:30:58-05:00,827,27.5,44.4,0,0,0,,,,
2026-07-08T13:31:28-05:00,828,27.4,44.0,0,0,0,,,,
2026-07-08T13:31:58-05:00,829,27.4,44.0,0,0,0,,,,
2026-07-08T13:32:28-05:00,830,27.3,43.2,0,0,0,,,,
2026-07-08T13:32:58-05:00,831,27.3,43.2,0,0,0,,,,
2026-07-08T13:33:28-05:00,832,27.3,43.2,0,0,0,,,,
2026-07-08T13:33:58-05:00,833,27.3,43.4,0,0,0,,,,
2026-07-08T13:34:28-05:00,834,27.3,43.2,0,0,0,,,,
2026-07-08T13:34:58-05:00,835,27.4,43.4,0,0,0,,,,
2026-07-08T13:35:28-05:00,836,27.3,43.4,0,0,0,,,,
2026-07-08T13:35:57-05:00,837,27.3,43.4,0,0,0,,,,
2026-07-08T13:36:28-05:00,838,27.2,43.2,0,0,0,,,,
2026-07-08T13:36:58-05:00,839,27.2,43.2,0,0,0,,,,
2026-07-08T13:37:28-05:00,840,27.2,43.6,0,0,0,,,,
2026-07-08T13:37:58-05:00,841,27.2,43.6,0,0,0,,,,
2026-07-08T13:38:28-05:00,842,27.2,43.6,0,0,0,,,,
2026-07-08T13:38:57-05:00,843,27.2,43.6,0,0,0,,,,
2026-07-08T13:39:28-05:00,844,27.2,43.6,0,0,0,,,,
2026-07-08T13:39:58-05:00,845,27.2,43.6,0,0,0,,,,
2026-07-08T13:40:28-05:00,846,27.2,43.6,0,0,0,,,,
2026-07-08T13:40:58-05:00,847,27.2,43.6,0,0,0,,,,
2026-07-08T13:41:28-05:00,848,27.2,43.6,0,0,0,,,,
2026-07-08T13:41:58-05:00,849,27.2,43.6,0,0,0,,,,
2026-07-08T13:42:28-05:00,850,27.2,43.6,0,0,0,,,,
2026-07-08T13:42:58-05:00,851,27.2,43.6,0,0,0,,,,
2026-07-08T13:43:28-05:00,852,27.2,43.6,0,0,0,,,,
2026-07-08T13:43:58-05:00,853,27.2,43.6,0,0,0,,,,
2026-07-08T13:44:28-05:00,854,27.2,43.6,0,0,0,,,,
2026-07-08T13:44:58-05:00,855,27.2,43.6,0,0,0,,,,
2026-07-08T13:45:28-05:00,856,26.1,45.7,0,0,0,,,,
2026-07-08T13:45:58-05:00,857,26.1,45.7,0,0,0,,,,
2026-07-08T13:46:28-05:00,858,26.1,45.7,0,0,0,,,,
2026-07-08T13:46:58-05:00,859,26.2,45.9,0,0,0,,,,
2026-07-08T13:47:28-05:00,860,26.2,45.9,0,0,0,,,,
2026-07-08T13:47:58-05:00,861,26.2,45.9,0,0,0,,,,
2026-07-08T13:48:28-05:00,862,26.2,45.9,0,0,0,,,,
2026-07-08T13:48:58-05:00,863,26.2,45.9,0,0,0,,,,
2026-07-08T13:49:28-05:00,864,26.2,45.9,0,0,0,,,,
2026-07-08T13:49:58-05:00,865,26.4,45.2,0,0,0,,,,
2026-07-08T13:50:28-05:00,866,26.4,45.2,0,0,0,,,,
2026-07-08T13:50:58-05:00,867,26.5,45.0,0,0,0,,,,
2026-07-08T13:51:28-05:00,868,26.5,45.0,0,0,0,,,,
2026-07-08T13:51:58-05:00,869,26.5,44.8,0,0,0,,,,
2026-07-08T13:52:28-05:00,870,26.5,44.8,0,0,0,,,,
2026-07-08T13:52:58-05:00,871,26.5,44.8,0,0,0,,,,
2026-07-08T13:53:28-05:00,872,26.6,44.6,0,0,0,,,,
2026-07-08T13:53:58-05:00,873,26.6,44.6,0,0,0,,,,
2026-07-08T13:54:28-05:00,874,26.7,44.4,0,0,0,,,,
2026-07-08T13:54:58-05:00,875,26.7,44.4,0,0,1,,,,
2026-07-08T13:55:28-05:00,876,26.7,44.4,0,0,0,,,,
2026-07-08T13:55:58-05:00,877,26.8,44.4,0,0,0,,,,
2026-07-08T13:56:28-05:00,878,26.8,44.4,0,0,0,,,,
2026-07-08T13:56:58-05:00,879,27.0,44.2,0,0,0,,,,
2026-07-08T13:57:28-05:00,880,27.0,44.2,0,0,0,,,,
2026-07-08T13:57:58-05:00,881,27.0,44.2,0,0,1,,,,
2026-07-08T13:58:28-05:00,882,27.0,44.2,1,0,0,,,,
2026-07-08T13:58:58-05:00,883,27.0,44.2,1,0,0,,,,
2026-07-08T13:59:28-05:00,884,27.2,43.8,0,0,0,,,,
2026-07-08T13:59:58-05:00,885,27.2,43.8,0,0,0,,,,
2026-07-08T14:00:28-05:00,886,27.2,43.8,0,0,0,,,,
2026-07-08T14:00:58-05:00,887,27.3,43.4,0,1,0,,,,
2026-07-08T14:01:28-05:00,888,27.3,43.4,0,0,0,,,,
2026-07-08T14:01:58-05:00,889,27.3,43.3,0,0,0,,,,
2026-07-08T14:02:28-05:00,890,27.3,43.3,0,0,0,,,,
2026-07-08T14:02:58-05:00,891,27.3,42.9,0,0,0,,,,
2026-07-08T14:03:28-05:00,892,27.4,43.0,0,0,0,,,,
2026-07-08T14:03:58-05:00,893,27.4,43.0,0,0,0,,,,
2026-07-08T14:04:28-05:00,894,27.5,43.0,1,0,1,,,,
2026-07-08T14:04:58-05:00,895,27.5,43.0,1,0,1,,,,
2026-07-08T14:05:24-05:00,896,,,0,0,0,,,,
2026-07-08T14:05:59-05:00,897,28.3,42.3,0,0,0,,,,
2026-07-08T14:06:28-05:00,898,28.3,42.3,0,0,0,,,,
2026-07-08T14:06:58-05:00,899,29.2,41.6,0,0,0,,,,
2026-07-08T14:07:28-05:00,900,29.2,41.6,0,0,0,,,,
2026-07-08T14:07:58-05:00,901,29.2,41.6,0,0,0,,,,
2026-07-08T14:08:28-05:00,902,30.2,40.0,0,0,0,,,,
2026-07-08T14:08:58-05:00,903,30.2,40.0,0,0,0,,,,
2026-07-08T14:09:28-05:00,904,30.6,39.1,0,0,0,,,,
2026-07-08T14:09:58-05:00,905,30.6,39.1,0,0,0,,,,
2026-07-08T14:10:28-05:00,906,31.0,38.9,0,0,0,,,,
2026-07-08T14:11:01-05:00,907,31.1,39.4,0,0,0,,,,
2026-07-08T14:11:29-05:00,908,31.1,39.4,0,0,0,,,,
2026-07-08T14:11:59-05:00,909,31.3,38.9,0,0,0,,,,
2026-07-08T14:12:28-05:00,910,31.3,38.9,0,0,0,,,,
2026-07-08T14:12:58-05:00,911,31.4,38.8,0,0,0,,,,
2026-07-08T14:13:28-05:00,912,31.4,38.8,0,0,0,,,,
2026-07-08T14:13:58-05:00,913,31.4,38.8,0,0,0,,,,
